Date,Product,Category,Quantity,Unit_Price,Region,Total_Sales
2026-01-01,Laptop,Electronics,5,65000,South,325000
2026-01-02,Mouse,Accessories,18,1200,North,21600
2026-01-03,Keyboard,Accessories,12,2500,East,30000
2026-01-04,Monitor,Electronics,7,18000,West,126000
2026-01-05,Headphones,Accessories,15,3500,South,52500
2026-01-06,Laptop,Electronics,6,65000,North,390000
2026-01-07,Mouse,Accessories,20,1200,South,24000
2026-01-08,Keyboard,Accessories,10,2500,East,25000
2026-01-09,Monitor,Electronics,8,18000,West,144000
2026-01-10,Headphones,Accessories,17,3500,North,59500
2026-01-11,Laptop,Electronics,4,65000,South,260000
2026-01-12,Mouse,Accessories,22,1200,West,26400
2026-01-13,Keyboard,Accessories,14,2500,East,35000
2026-01-14,Monitor,Electronics,6,18000,South,108000
2026-01-15,Headphones,Accessories,19,3500,North,66500
2026-01-16,Laptop,Electronics,7,65000,West,455000
2026-01-17,Mouse,Accessories,16,1200,South,19200
2026-01-18,Keyboard,Accessories,11,2500,North,27500
2026-01-19,Monitor,Electronics,9,18000,East,162000
2026-01-20,Headphones,Accessories,13,3500,West,45500
2026-01-21,Laptop,Electronics,5,65000,South,325000
2026-01-22,Mouse,Accessories,24,1200,North,28800
2026-01-23,Keyboard,Accessories,15,2500,East,37500
2026-01-24,Monitor,Electronics,10,18000,West,180000
2026-01-25,Headphones,Accessories,18,3500,South,63000
2026-01-26,Laptop,Electronics,8,65000,North,520000
2026-01-27,Mouse,Accessories,21,1200,South,25200
2026-01-28,Keyboard,Accessories,13,2500,East,32500
2026-01-29,Monitor,Electronics,7,18000,West,126000
2026-01-30,Headphones,Accessories,16,3500,North,56000
